{
  "food_positive": {
    "precision": 0.7384615384615385,
    "recall": 0.9056603773584906,
    "f1": 0.8135593220338984,
    "support": 53,
    "predicted_positives": 65,
    "predicted_count": 65,
    "true_positives": 48,
    "false_positives": 17,
    "false_negatives": 5,
    "roc_auc": 0.9816808070575324,
    "average_precision": 0.9015344838606661
  },
  "food_negative": {
    "precision": 0.7073170731707317,
    "recall": 0.725,
    "f1": 0.7160493827160493,
    "support": 40,
    "predicted_positives": 41,
    "predicted_count": 41,
    "true_positives": 29,
    "false_positives": 12,
    "false_negatives": 11,
    "roc_auc": 0.9641304347826087,
    "average_precision": 0.7912354570375635
  },
  "food_neutral": {
    "precision": 0.0,
    "recall": 0.0,
    "f1": 0.0,
    "support": 9,
    "predicted_positives": 0,
    "predicted_count": 0,
    "true_positives": 0,
    "false_positives": 0,
    "false_negatives": 9,
    "roc_auc": 0.9128762163385382,
    "average_precision": 0.11453102766117114
  },
  "service_positive": {
    "precision": 0.9281045751633987,
    "recall": 0.9403973509933775,
    "f1": 0.9342105263157895,
    "support": 151,
    "predicted_positives": 153,
    "predicted_count": 153,
    "true_positives": 142,
    "false_positives": 11,
    "false_negatives": 9,
    "roc_auc": 0.9772860965103702,
    "average_precision": 0.9751638615250545
  },
  "service_negative": {
    "precision": 0.7924528301886793,
    "recall": 0.8235294117647058,
    "f1": 0.8076923076923077,
    "support": 102,
    "predicted_positives": 106,
    "predicted_count": 106,
    "true_positives": 84,
    "false_positives": 22,
    "false_negatives": 18,
    "roc_auc": 0.9521874076263672,
    "average_precision": 0.8934684907418207
  },
  "service_neutral": {
    "precision": 0.0,
    "recall": 0.0,
    "f1": 0.0,
    "support": 0,
    "predicted_positives": 0,
    "predicted_count": 0,
    "true_positives": 0,
    "false_positives": 0,
    "false_negatives": 0,
    "roc_auc": null,
    "average_precision": null
  },
  "price_positive": {
    "precision": 0.6521739130434783,
    "recall": 0.8333333333333334,
    "f1": 0.7317073170731707,
    "support": 18,
    "predicted_positives": 23,
    "predicted_count": 23,
    "true_positives": 15,
    "false_positives": 8,
    "false_negatives": 3,
    "roc_auc": 0.9887044721069617,
    "average_precision": 0.8296580579913913
  },
  "price_negative": {
    "precision": 0.7619047619047619,
    "recall": 0.8,
    "f1": 0.7804878048780488,
    "support": 60,
    "predicted_positives": 63,
    "predicted_count": 63,
    "true_positives": 48,
    "false_positives": 15,
    "false_negatives": 12,
    "roc_auc": 0.9769318181818182,
    "average_precision": 0.8696682041890939
  },
  "price_neutral": {
    "precision": 0.0,
    "recall": 0.0,
    "f1": 0.0,
    "support": 2,
    "predicted_positives": 0,
    "predicted_count": 0,
    "true_positives": 0,
    "false_positives": 0,
    "false_negatives": 2,
    "roc_auc": 0.8473895582329317,
    "average_precision": 0.5064935064935064
  },
  "cleanliness_positive": {
    "precision": 0.8125,
    "recall": 0.7428571428571429,
    "f1": 0.7761194029850746,
    "support": 35,
    "predicted_positives": 32,
    "predicted_count": 32,
    "true_positives": 26,
    "false_positives": 6,
    "false_negatives": 9,
    "roc_auc": 0.9781874039938556,
    "average_precision": 0.824992796772071
  },
  "cleanliness_negative": {
    "precision": 0.7,
    "recall": 0.4375,
    "f1": 0.5384615384615384,
    "support": 16,
    "predicted_positives": 10,
    "predicted_count": 10,
    "true_positives": 7,
    "false_positives": 3,
    "false_negatives": 9,
    "roc_auc": 0.9674586776859504,
    "average_precision": 0.6356103716953674
  },
  "cleanliness_neutral": {
    "precision": 0.0,
    "recall": 0.0,
    "f1": 0.0,
    "support": 0,
    "predicted_positives": 0,
    "predicted_count": 0,
    "true_positives": 0,
    "false_positives": 0,
    "false_negatives": 0,
    "roc_auc": null,
    "average_precision": null
  },
  "delivery_positive": {
    "precision": 0.0,
    "recall": 0.0,
    "f1": 0.0,
    "support": 6,
    "predicted_positives": 0,
    "predicted_count": 0,
    "true_positives": 0,
    "false_positives": 0,
    "false_negatives": 6,
    "roc_auc": 0.9618758434547908,
    "average_precision": 0.4724828820417055
  },
  "delivery_negative": {
    "precision": 0.8823529411764706,
    "recall": 0.7317073170731707,
    "f1": 0.8,
    "support": 41,
    "predicted_positives": 34,
    "predicted_count": 34,
    "true_positives": 30,
    "false_positives": 4,
    "false_negatives": 11,
    "roc_auc": 0.9775227164036345,
    "average_precision": 0.8565955488784079
  },
  "delivery_neutral": {
    "precision": 0.0,
    "recall": 0.0,
    "f1": 0.0,
    "support": 1,
    "predicted_positives": 0,
    "predicted_count": 0,
    "true_positives": 0,
    "false_positives": 0,
    "false_negatives": 1,
    "roc_auc": 0.8316633266533066,
    "average_precision": 0.011764705882352941
  },
  "ambiance_positive": {
    "precision": 0.7894736842105263,
    "recall": 0.8,
    "f1": 0.7947019867549668,
    "support": 75,
    "predicted_positives": 76,
    "predicted_count": 76,
    "true_positives": 60,
    "false_positives": 16,
    "false_negatives": 15,
    "roc_auc": 0.9728941176470588,
    "average_precision": 0.865692291401736
  },
  "ambiance_negative": {
    "precision": 0.7,
    "recall": 0.6086956521739131,
    "f1": 0.6511627906976745,
    "support": 23,
    "predicted_positives": 20,
    "predicted_count": 20,
    "true_positives": 14,
    "false_positives": 6,
    "false_negatives": 9,
    "roc_auc": 0.9721082854799016,
    "average_precision": 0.6656579734532009
  },
  "ambiance_neutral": {
    "precision": 0.0,
    "recall": 0.0,
    "f1": 0.0,
    "support": 2,
    "predicted_positives": 0,
    "predicted_count": 0,
    "true_positives": 0,
    "false_positives": 0,
    "false_negatives": 2,
    "roc_auc": 0.9919678714859438,
    "average_precision": 0.3611111111111111
  },
  "app_experience_positive": {
    "precision": 0.8378378378378378,
    "recall": 0.7380952380952381,
    "f1": 0.7848101265822784,
    "support": 42,
    "predicted_positives": 37,
    "predicted_count": 37,
    "true_positives": 31,
    "false_positives": 6,
    "false_negatives": 11,
    "roc_auc": 0.928311499272198,
    "average_precision": 0.8589048098660798
  },
  "app_experience_negative": {
    "precision": 0.7560975609756098,
    "recall": 0.9253731343283582,
    "f1": 0.8322147651006712,
    "support": 67,
    "predicted_positives": 82,
    "predicted_count": 82,
    "true_positives": 62,
    "false_positives": 20,
    "false_negatives": 5,
    "roc_auc": 0.9883837165213195,
    "average_precision": 0.9333544294584523
  },
  "app_experience_neutral": {
    "precision": 0.0,
    "recall": 0.0,
    "f1": 0.0,
    "support": 11,
    "predicted_positives": 0,
    "predicted_count": 0,
    "true_positives": 0,
    "false_positives": 0,
    "false_negatives": 11,
    "roc_auc": 0.9524075106897193,
    "average_precision": 0.39005541949090333
  },
  "general_positive": {
    "precision": 0.8333333333333334,
    "recall": 0.873015873015873,
    "f1": 0.8527131782945736,
    "support": 63,
    "predicted_positives": 66,
    "predicted_count": 66,
    "true_positives": 55,
    "false_positives": 11,
    "false_negatives": 8,
    "roc_auc": 0.9804220696669209,
    "average_precision": 0.9336790324993932
  },
  "general_negative": {
    "precision": 0.8,
    "recall": 0.5,
    "f1": 0.6153846153846154,
    "support": 8,
    "predicted_positives": 5,
    "predicted_count": 5,
    "true_positives": 4,
    "false_positives": 1,
    "false_negatives": 4,
    "roc_auc": 0.9712906504065041,
    "average_precision": 0.6025951334442069
  },
  "general_neutral": {
    "precision": 0.0,
    "recall": 0.0,
    "f1": 0.0,
    "support": 3,
    "predicted_positives": 0,
    "predicted_count": 0,
    "true_positives": 0,